{"cameraMode":{"drawMode":0,"name":"Shaded","section":"Shading Mode"},"sceneLighting":false,"audioPlay":false,"sceneViewState":{"m_AlwaysRefresh":false,"showFog":true,"showSkybox":true,"showFlares":true,"showImageEffects":true,"showParticleSystems":true,"showVisualEffectGraphs":true,"m_FxEnabled":true},"in2DMode":false,"pivot":{"x":-1.7046507596969605,"y":1.306972861289978,"z":0.36675721406936648},"rotation":{"x":0.23067981004714967,"y":-0.019795289263129236,"z":0.004760136362165213,"w":0.9728707075119019},"size":13.9922513961792,"orthographic":true}