{"cameraMode":{"drawMode":0,"name":"Shaded","section":"Shading Mode"},"sceneLighting":false,"audioPlay":false,"sceneViewState":{"m_AlwaysRefresh":false,"showFog":true,"showSkybox":true,"showFlares":true,"showImageEffects":true,"showParticleSystems":true,"showVisualEffectGraphs":true,"m_FxEnabled":true},"in2DMode":false,"pivot":{"x":-1.5137523412704468,"y":0.8979237079620361,"z":0.24874237179756165},"rotation":{"x":0.26220646500587466,"y":0.1516886204481125,"z":-0.042351726442575458,"w":0.952136218547821},"size":14.00627326965332,"orthographic":true}