{"cameraMode":{"drawMode":0,"name":"Shaded","section":"Shading Mode"},"sceneLighting":false,"audioPlay":false,"sceneViewState":{"m_AlwaysRefresh":false,"showFog":true,"showSkybox":true,"showFlares":true,"showImageEffects":true,"showParticleSystems":true,"showVisualEffectGraphs":true,"m_FxEnabled":true},"in2DMode":false,"pivot":{"x":1.1829274892807007,"y":11.84050464630127,"z":0.39021536707878115},"rotation":{"x":-0.05129264295101166,"y":0.0047597866505384449,"z":-0.0002967619220726192,"w":-0.9987214803695679},"size":18.620092391967775,"orthographic":true}