{"cameraMode":{"drawMode":0,"name":"Shaded","section":"Shading Mode"},"sceneLighting":false,"audioPlay":false,"sceneViewState":{"m_AlwaysRefresh":false,"showFog":true,"showSkybox":true,"showFlares":true,"showImageEffects":true,"showParticleSystems":true,"showVisualEffectGraphs":true,"m_FxEnabled":true},"in2DMode":false,"pivot":{"x":0.047044798731803897,"y":-1.3606255054473878,"z":-1.3436795473098755},"rotation":{"x":0.43764933943748476,"y":0.07704015076160431,"z":-0.038315724581480029,"w":0.8950894474983215},"size":14.378389358520508,"orthographic":true}