{"cameraMode":{"drawMode":0,"name":"Shaded","section":"Shading Mode"},"sceneLighting":false,"audioPlay":false,"sceneViewState":{"m_AlwaysRefresh":false,"showFog":true,"showSkybox":true,"showFlares":true,"showImageEffects":true,"showParticleSystems":true,"showVisualEffectGraphs":true,"m_FxEnabled":true},"in2DMode":false,"pivot":{"x":-1.5137523412704468,"y":0.8979237079620361,"z":0.24874237179756165},"rotation":{"x":0.30322569608688357,"y":-0.12629805505275727,"z":0.03999882563948631,"w":0.9437276124954224},"size":9.019028663635254,"orthographic":true}