{"cameraMode":{"drawMode":0,"name":"Shaded","section":"Shading Mode"},"sceneLighting":false,"audioPlay":false,"sceneViewState":{"m_AlwaysRefresh":false,"showFog":true,"showSkybox":true,"showFlares":true,"showImageEffects":true,"showParticleSystems":true,"showVisualEffectGraphs":true,"m_FxEnabled":true},"in2DMode":false,"pivot":{"x":0.047044798731803897,"y":-1.3606255054473878,"z":-1.3436795473098755},"rotation":{"x":0.1833033561706543,"y":0.21964293718338014,"z":-0.042641930282115939,"w":0.9573206305503845},"size":11.894160270690918,"orthographic":true}