{"cameraMode":{"drawMode":0,"name":"Shaded","section":"Shading Mode"},"sceneLighting":false,"audioPlay":false,"sceneViewState":{"m_AlwaysRefresh":false,"showFog":true,"showSkybox":true,"showFlares":true,"showImageEffects":true,"showParticleSystems":true,"showVisualEffectGraphs":true,"m_FxEnabled":true},"in2DMode":false,"pivot":{"x":-1.5137523412704468,"y":0.8979237079620361,"z":0.24874237179756165},"rotation":{"x":0.1798120141029358,"y":0.16214106976985932,"z":-0.030010666698217393,"w":0.9698396921157837},"size":15.158487319946289,"orthographic":true}