{"cameraMode":{"drawMode":0,"name":"Shaded","section":"Shading Mode"},"sceneLighting":false,"audioPlay":false,"sceneViewState":{"m_AlwaysRefresh":false,"showFog":true,"showSkybox":true,"showFlares":true,"showImageEffects":true,"showParticleSystems":true,"showVisualEffectGraphs":true,"m_FxEnabled":true},"in2DMode":false,"pivot":{"x":-1.5137523412704468,"y":0.8979237079620361,"z":0.24874237179756165},"rotation":{"x":0.19261299073696137,"y":-0.0023042666725814344,"z":0.0005026977160014212,"w":0.9813289642333984},"size":19.082666397094728,"orthographic":true}