{"cameraMode":{"drawMode":0,"name":"Shaded","section":"Shading Mode"},"sceneLighting":false,"audioPlay":false,"sceneViewState":{"m_AlwaysRefresh":false,"showFog":true,"showSkybox":true,"showFlares":true,"showImageEffects":true,"showParticleSystems":true,"showVisualEffectGraphs":true,"m_FxEnabled":true},"in2DMode":false,"pivot":{"x":-1.5137523412704468,"y":0.8979237079620361,"z":0.24874237179756165},"rotation":{"x":0.19762316346168519,"y":0.146937295794487,"z":-0.030546003952622415,"w":0.9687835574150086},"size":16.702741622924806,"orthographic":true}