{"cameraMode":{"drawMode":0,"name":"Shaded","section":"Shading Mode"},"sceneLighting":false,"audioPlay":false,"sceneViewState":{"m_AlwaysRefresh":false,"showFog":true,"showSkybox":true,"showFlares":true,"showImageEffects":true,"showParticleSystems":true,"showVisualEffectGraphs":true,"m_FxEnabled":true},"in2DMode":false,"pivot":{"x":0.047044798731803897,"y":-1.3606255054473878,"z":-1.3436795473098755},"rotation":{"x":0.38125813007354739,"y":0.051642727106809619,"z":-0.021959735080599786,"w":0.9228317141532898},"size":9.315116882324219,"orthographic":true}